"id","blog_content_id","no","name","content","detail","blog_category_id","user_id","status","posts_date","content_draft","detail_draft","publish_begin","publish_end","exclude_search","eye_catch","created","modified"
"1","1","1","ホームページをオープンしました","<p>概要が入ります。概要が入ります。概要が入ります。概要が入ります。概要が入ります。概要が入ります。概要が入ります。概要が入ります。概要が入ります。<br />
<br />
概要が入ります。概要が入ります。概要が入ります。概要が入ります。概要が入ります。概要が入ります。概要が入ります。概要が入ります。概要が入ります。概要が入ります。</p>","<p>詳細が入ります。詳細が入ります。詳細が入ります。詳細が入ります。詳細が入ります。詳細が入ります。詳細が入ります。詳細が入ります。詳細が入ります。<br />
<br />
詳細が入ります。詳細が入ります。詳細が入ります。詳細が入ります。詳細が入ります。詳細が入ります。詳細が入ります。詳細が入ります。詳細が入ります。</p>","1","1","1","2017-01-05 16:21:00","","","","","0","","2015-09-30 01:21:41","2017-01-07 17:14:14"
"2","1","2","新メニューが完成しました。","<p>新メニューの概要が入ります。新メニューの概要が入ります。新メニューの概要が入ります。新メニューの概要が入ります。新メニューの概要が入ります。新メニューの概要が入ります。</p>

<p>新メニューの概要が入ります。新メニューの概要が入ります。新メニューの概要が入ります。</p>","<p>新メニューの詳細が入ります。新メニューの詳細が入ります。新メニューの詳細が入ります。新メニューの詳細が入ります。新メニューの詳細が入ります。新メニューの詳細が入ります。新メニューの詳細が入ります。新メニューの詳細が入ります。新メニューの詳細が入ります。</p>

<p>新メニューの詳細が入ります。新メニューの詳細が入ります。新メニューの詳細が入ります。新メニューの詳細が入ります。</p>

<p><a href=""http://omotenashi.munerin.com/"">リンクのテスト</a></p>

<p><a href=""tel:09012345678"">電話番号リンクのテスト</a></p>","1","1","1","2017-01-06 16:21:00","","","","","0","","2015-09-30 01:21:41","2017-01-07 17:14:36"
"3","1","3","記事タイトルが入ります！","<p>ブログ記事の概要が入ります。ブログ記事の概要が入ります。ブログ記事の概要が入ります。ブログ記事の概要が入ります。ブログ記事の概要が入ります。ブログ記事の概要が入ります。ブログ記事の概要が入ります。ブログ記事の概要が入ります。ブログ記事の概要が入ります。</p>","<p>ブログ記事の詳細が入ります。ブログ記事の詳細が入ります。ブログ記事の詳細が入ります。ブログ記事の詳細が入ります。ブログ記事の詳細が入ります。ブログ記事の詳細が入ります。ブログ記事の詳細が入ります。ブログ記事の詳細が入ります。ブログ記事の詳細が入ります。ブログ記事の詳細が入ります。ブログ記事の詳細が入ります。ブログ記事の詳細が入ります。ブログ記事の詳細が入ります。</p>

<p>ブログ記事の詳細が入ります。ブログ記事の詳細が入ります。ブログ記事の詳細が入ります。ブログ記事の詳細が入ります。</p>","2","1","1","2017-01-07 16:21:00","","","","","0","","2015-09-30 02:51:44","2017-01-07 17:14:51"
"4","2","1","テスト投稿","","<p>テスト・テスト</p>","","1","1","2017-10-02 16:43:53","","","","","0","","2017-10-02 16:44:09","2017-10-02 16:44:28"
